{
  "alphabetical__binary": {
    "n_examples": 80,
    "exact_match": 0.525,
    "position_accuracy": 0.7854166666666667,
    "positions_correct": "4.7/6",
    "baseline_accuracy": 0.5,
    "baseline_positions": "3.0/6",
    "signal": 0.28541666666666665,
    "canonical_match_rate": 0.5375,
    "overall_ber": 0.2109704641350211,
    "per_bit_ber": [
      0.012658227848101266,
      0.35443037974683544,
      0.26582278481012656
    ],
    "per_bit_correct": [
      78,
      51,
      58
    ],
    "per_bit_wrong": [
      1,
      28,
      21
    ],
    "per_bit_garbled": [
      0,
      0,
      0
    ]
  },
  "alphabetical__integer": {
    "n_examples": 80,
    "exact_match": 0.2875,
    "position_accuracy": 0.6458333333333334,
    "positions_correct": "3.9/6",
    "baseline_accuracy": 0.5,
    "baseline_positions": "3.0/6",
    "signal": 0.14583333333333337,
    "canonical_match_rate": 0.5729166666666666,
    "overall_ber": 0.35443037974683544,
    "per_bit_ber": [
      0.4050632911392405,
      0.4050632911392405,
      0.25316455696202533
    ],
    "per_bit_correct": [
      47,
      47,
      59
    ],
    "per_bit_wrong": [
      31,
      31,
      20
    ],
    "per_bit_garbled": [
      1,
      1,
      0
    ]
  },
  "description_length__binary": {
    "n_examples": 80,
    "exact_match": 0.525,
    "position_accuracy": 0.7916666666666666,
    "positions_correct": "4.8/6",
    "baseline_accuracy": 0.5,
    "baseline_positions": "3.0/6",
    "signal": 0.29166666666666663,
    "canonical_match_rate": 0.5416666666666666,
    "overall_ber": 0.20833333333333334,
    "per_bit_ber": [
      0.075,
      0.2125,
      0.3375
    ],
    "per_bit_correct": [
      74,
      63,
      53
    ],
    "per_bit_wrong": [
      6,
      17,
      27
    ],
    "per_bit_garbled": [
      0,
      0,
      0
    ]
  },
  "description_length__integer": {
    "n_examples": 80,
    "exact_match": 0.25,
    "position_accuracy": 0.5916666666666667,
    "positions_correct": "3.5/6",
    "baseline_accuracy": 0.5,
    "baseline_positions": "3.0/6",
    "signal": 0.09166666666666667,
    "canonical_match_rate": 0.525,
    "overall_ber": 0.4083333333333333,
    "per_bit_ber": [
      0.425,
      0.3875,
      0.4125
    ],
    "per_bit_correct": [
      46,
      49,
      47
    ],
    "per_bit_wrong": [
      34,
      31,
      33
    ],
    "per_bit_garbled": [
      0,
      0,
      0
    ]
  },
  "hash__binary": {
    "n_examples": 80,
    "exact_match": 0.25,
    "position_accuracy": 0.6666666666666666,
    "positions_correct": "4.0/6",
    "baseline_accuracy": 0.5,
    "baseline_positions": "3.0/6",
    "signal": 0.16666666666666663,
    "canonical_match_rate": 0.4875,
    "overall_ber": 0.3246753246753247,
    "per_bit_ber": [
      0.11688311688311688,
      0.38961038961038963,
      0.4675324675324675
    ],
    "per_bit_correct": [
      68,
      47,
      41
    ],
    "per_bit_wrong": [
      9,
      29,
      35
    ],
    "per_bit_garbled": [
      0,
      1,
      1
    ]
  },
  "hash__integer": {
    "n_examples": 80,
    "exact_match": 0.2875,
    "position_accuracy": 0.6166666666666667,
    "positions_correct": "3.7/6",
    "baseline_accuracy": 0.5,
    "baseline_positions": "3.0/6",
    "signal": 0.1166666666666667,
    "canonical_match_rate": 0.50625,
    "overall_ber": 0.3881856540084388,
    "per_bit_ber": [
      0.4177215189873418,
      0.46835443037974683,
      0.27848101265822783
    ],
    "per_bit_correct": [
      46,
      42,
      57
    ],
    "per_bit_wrong": [
      32,
      35,
      21
    ],
    "per_bit_garbled": [
      1,
      2,
      1
    ]
  },
  "name_length__binary": {
    "n_examples": 80,
    "exact_match": 0.6375,
    "position_accuracy": 0.8479166666666667,
    "positions_correct": "5.1/6",
    "baseline_accuracy": 0.5,
    "baseline_positions": "3.0/6",
    "signal": 0.34791666666666665,
    "canonical_match_rate": 0.5,
    "overall_ber": 0.14767932489451477,
    "per_bit_ber": [
      0.0379746835443038,
      0.17721518987341772,
      0.22784810126582278
    ],
    "per_bit_correct": [
      76,
      65,
      61
    ],
    "per_bit_wrong": [
      3,
      14,
      18
    ],
    "per_bit_garbled": [
      0,
      0,
      0
    ]
  },
  "name_length__integer": {
    "n_examples": 80,
    "exact_match": 0.4125,
    "position_accuracy": 0.7,
    "positions_correct": "4.2/6",
    "baseline_accuracy": 0.5,
    "baseline_positions": "3.0/6",
    "signal": 0.19999999999999996,
    "canonical_match_rate": 0.5145833333333333,
    "overall_ber": 0.29535864978902954,
    "per_bit_ber": [
      0.3037974683544304,
      0.2911392405063291,
      0.2911392405063291
    ],
    "per_bit_correct": [
      55,
      56,
      56
    ],
    "per_bit_wrong": [
      24,
      23,
      22
    ],
    "per_bit_garbled": [
      0,
      0,
      1
    ]
  }
}